Location,Male,Female
Andaman,12,3
Andhra ,23,2
Arunachal,4,1
Assam,8,23
Bihar,9,34
Chandigarh,10,11
Chhattisgarh,2,23
Daman,3,10
Goa,12,8
Gujarat,33,9
Haryana,44,5
Himachal,55,6
J & K,65,44
Jharkhand,22,33
Karnataka,2,55
Kerala,2,22
Ladakh,2,2
Lakshadweep,2,3
Madhya,1,4
Maharastra,2,5
Manipur,22,7
Meghalaya,44,6
Mizoram,31,4
Nagaland,32,22
Delhi,77,2
Odisha,22,3
Puducherry,1,5
Punjab,65,33
Rajasthan,22,4
Sikkim,22,5
Tamil Nadu,80,5
Telangana,33,4
Tripura,22,33
UP,90,44
Uttarakhand,13,9
West Bengal,22,6
