[
    {
        "categorie": "HR", 
        "Year": "2020",
        "values": [
            {
                "value": 10, 
                "rate": "PS"
            }, 
            {
                "value": 4, 
                "rate": "UPS"
            }
            , 
            {
                "value": 34, 
                "rate": "HHS"
            }
        ]
    }, 
    {
        "categorie": "AP", 
        "Year": "2021",
        "values": [
            {
                "value": 20, 
                "rate": "PS"
            }, 
            {
                "value": 46, 
                "rate": "UPS"
            }
            , 
            {
                "value": 10, 
                "rate": "HHS"
            }
        ]
    }, 
    {
        "categorie": "DEL", 
        "Year": "2021",
        "values": [
            {
                "value": 10, 
                "rate": "PS"
            }, 
            {
                "value": 4, 
                "rate": "UPS"
            }, 
            {
                "value": 10, 
                "rate": "HHS"
            }
        ]
    }
]