[
     {
          "id": 1,
          
          "name": "No of Schools",
          "type": "Rural",
          "genres": "2020-21",
          "rating": "Delhi"
      },
      {
        "id": 2,
        
        "name": "No of Schools",
        "type": "Urban",
        "genres": "2020-21",
        "rating": "UP"
    },
          
    {
      "id": 3,
      
      "name": "No of Schools",
      "type": "Urban",
      "genres": "2020-21",
      "rating": "AP"
  }
      
  
]